date,steps,sleep_hours,weight_kg,resting_hr
2026-08-28,6201,7.2,76.6,53
2026-08-29,8179,5.9,76.5,59
2026-08-30,10219,7.9,75.2,52
2026-08-31,10386,6.8,76.5,52
2026-09-01,11297,6.3,76.6,61
2026-09-02,5674,8.2,75.1,52
2026-09-03,12870,5.5,76.8,62
2026-09-04,7548,8.4,76.5,60
2026-09-05,7632,7.8,76.9,60
2026-09-06,7818,6.5,76.4,64
2026-09-07,11530,8.4,76.9,58
2026-09-08,5638,6.1,77.0,65
2026-09-09,8856,5.9,75.7,63
2026-09-10,12205,8.3,75.8,65
2026-09-11,7110,6.4,76.2,66
2026-09-12,12181,8.0,76.0,61
2026-09-13,4565,6.9,76.5,58
2026-09-14,10788,7.5,75.7,66
2026-09-15,10139,5.8,76.3,53
2026-09-16,6682,7.1,75.8,59
2026-09-17,4484,6.9,75.6,65
2026-09-18,10448,7.4,75.3,55
2026-09-19,4201,7.8,76.1,65
2026-09-20,12983,6.2,76.0,65
2026-09-21,9788,6.9,75.5,60
2026-09-22,4093,6.7,76.7,66
2026-09-23,12396,7.9,76.0,60
2026-09-24,7366,6.8,75.1,65
2026-09-25,9975,7.2,75.4,60
2026-09-26,10773,7.0,75.7,57
