date,key,value,label,unit
2026-09-13,water_l,1.2,Water,L
2026-09-13,mood,5,Mood,/5
2026-09-14,water_l,2.3,Water,L
2026-09-14,mood,5,Mood,/5
2026-09-15,water_l,1.8,Water,L
2026-09-15,mood,5,Mood,/5
2026-09-16,water_l,1.3,Water,L
2026-09-16,mood,2,Mood,/5
2026-09-17,water_l,2.3,Water,L
2026-09-17,mood,5,Mood,/5
2026-09-18,water_l,2.3,Water,L
2026-09-18,mood,1,Mood,/5
2026-09-19,water_l,2.6,Water,L
2026-09-19,mood,3,Mood,/5
2026-09-20,water_l,1.3,Water,L
2026-09-20,mood,1,Mood,/5
2026-09-21,water_l,1.3,Water,L
2026-09-21,mood,1,Mood,/5
2026-09-22,water_l,2.0,Water,L
2026-09-22,mood,3,Mood,/5
2026-09-23,water_l,1.6,Water,L
2026-09-23,mood,1,Mood,/5
2026-09-24,water_l,2.6,Water,L
2026-09-24,mood,2,Mood,/5
2026-09-25,water_l,1.8,Water,L
2026-09-25,mood,1,Mood,/5
2026-09-26,water_l,1.5,Water,L
2026-09-26,mood,3,Mood,/5
