Activity ID,Activity Date,Activity Name,Activity Type,Elapsed Time,Distance,Moving Time,Elevation Gain
1020,"Sep 6, 2026, 7:15:00 AM",Morning Run,Run,2000,6.69,1844,94
1018,"Sep 8, 2026, 7:15:00 AM",Morning Run,Run,2000,4.91,2957,47
1016,"Sep 10, 2026, 7:15:00 AM",Morning Run,Run,2000,6.18,2159,73
1014,"Sep 12, 2026, 7:15:00 AM",Morning Run,Run,2000,6.32,1548,49
1012,"Sep 14, 2026, 7:15:00 AM",Morning Run,Run,2000,5.71,2362,111
1010,"Sep 16, 2026, 7:15:00 AM",Morning Run,Run,2000,4.32,1722,42
1008,"Sep 18, 2026, 7:15:00 AM",Morning Run,Run,2000,9.3,2544,36
1006,"Sep 20, 2026, 7:15:00 AM",Morning Run,Run,2000,9.76,2384,114
1004,"Sep 22, 2026, 7:15:00 AM",Morning Run,Run,2000,9.83,1961,12
1002,"Sep 24, 2026, 7:15:00 AM",Morning Run,Run,2000,5.78,1572,102
1000,"Sep 26, 2026, 7:15:00 AM",Morning Run,Run,2000,9.72,2412,100
